{
  "datasource": "conmasgwdb", 
  "basequery": "select temp, rpm, in_amount, out_amount from plcdata1",
  "where": "",
  "params": [
    { "name": "plc_id", "type": "string"},
    { "name": "rpm", "type": "string"}
  ],
  "mappings": [
    { "item": "temp"       ,"sheet": 1,"cluster": 1,"type": "string","value" : ""},
    { "item": "rpm"        ,"sheet": 1,"cluster": 2,"type": "string","value" : ""},
    { "item": "in_amount"  ,"sheet": 1,"cluster": 3,"type": "string","value" : ""},
    { "item": "out_amount" ,"sheet": 1,"cluster": 4,"type": "string","value" : ""}
  ]
}