{
  "datasource": "conmasgwdb", 
  "basequery": "select (temp + 7) as temp, rpm, in_amount, out_amount from plcdata1",
  "where": "",
  "params": [
    { "name": "plc_id", "type": "string"}
  ],
  "mappings": [
    { "item": "temp"       ,"sheet": 1,"cluster": 9,"type": "string","value" : ""},
    { "item": "rpm"        ,"sheet": 1,"cluster": 10,"type": "string","value" : ""},
    { "item": "in_amount"  ,"sheet": 1,"cluster": 11,"type": "string","value" : ""},
    { "item": "out_amount" ,"sheet": 1,"cluster": 12,"type": "string","value" : ""}
  ]
}
