{
  "datasource": "mysqlgwdb",
  "basequery": "select `temp`, `rpm`, `in_amount`, `out_amount` from `plcdata1`",
  "where": "",
  "params": [
    { "name": "plc_id", "type": "string"}
  ],
  "mappings": [
    { "item": "temp"       ,"sheet": 1,"cluster": 33,"type": "string","value" : ""},
    { "item": "rpm"        ,"sheet": 1,"cluster": 34,"type": "string","value" : ""},
    { "item": "in_amount"  ,"sheet": 1,"cluster": 35,"type": "string","value" : ""},
    { "item": "out_amount" ,"sheet": 1,"cluster": 36,"type": "string","value" : ""}
  ]
}

