{
  "datasource": "conmasgwdb", 
  "basetype": "file",
  "basequery": "./sql/plc.sql",
  "where": "",
  "params": [
    { "name": "plc_id", "type": "string"}
  ],
  "mappings": [
    { "item": "temp"       ,"sheet": 1,"cluster": 25,"type": "string","value" : ""},
    { "item": "rpm"        ,"sheet": 1,"cluster": 26,"type": "string","value" : ""},
    { "item": "in_amount"  ,"sheet": 1,"cluster": 27,"type": "string","value" : ""},
    { "item": "out_amount" ,"sheet": 1,"cluster": 28,"type": "string","value" : ""}
  ]
}
