{
  "datasource": "conmasgwdb",
  "selectList": [
    {
      "name": "list1",
      "basequery": "select \"PLCアイディー\" as item, \"PLC名\" as label from public.\"PLCマスター\" where \"PLC名\" is not null and \"表示対象\" = :select1 order by 1",
      "params": [
        { "name": "select1", "type": "string" }
      ]
    },
    {
      "name": "list2",
      "basequery": "select \"PLCアイディー\" as item, name as label from public.\"PLCマスター\" where name is not null and \"PLCアイディー\" like :select2 order by 1",
      "params": [
        { "name": "select2", "type": "string" }
      ]
    }
  ],
  "mappings": [
    {
      "item": "list1",
      "sheet": 1,
      "cluster": 0,
      "type": "SetItemsToSelect",
      "value": "PLCA"
    },
    {
      "item": "list2",
      "sheet": 1,
      "cluster": 4,
      "type": "SetItemsToSelect",
      "value": "PLCB"
    },
    {
      "item": "list1",
      "sheet": 1,
      "cluster": 8,
      "type": "SetItemsToSelect",
      "value": "PLCC"
    }
  ]
}
